telepules,tipus
Abaújszántó,LHHK
Abaújvár,LHHK
Arka,LHHK
Baskó,LHHK
Boldogkőújfalu,LHHK
Boldogkőváralja,LHHK
Fony,LHHK
Gönc,LHHK
Göncruszka,LHHK
Hejce,LHHK
Hernádcéce,LHHK
Hernádszurdok,LHHK
Hidasnémeti,LHHK
Kéked,LHHK
Korlát,LHHK
Mogyoróska,LHHK
Pányok,LHHK
Regéc,LHHK
Sima,LHHK
Telkibánya,LHHK
Tornyosnémeti,LHHK
Vilmány,LHHK
Vizsoly,LHHK
Zsujta,LHHK
Alsóberecki,LHHK
Bodroghalom,LHHK
Cigánd,LHHK
Dámóc,LHHK
Felsőberecki,LHHK
Karcsa,LHHK
Karos,LHHK
Kisrozvágy,LHHK
Lácacséke,LHHK
Nagyrozvágy,LHHK
Pácin,LHHK
Révleányvár,LHHK
Ricse,LHHK
Semjén,LHHK
Tiszacsermely,LHHK
Tiszakarád,LHHK
Zemplénagárd,LHHK
Adorjás,LHHK
Baranyahídvég,LHHK
Besence,LHHK
Bogádmindszent,LHHK
Bogdása,LHHK
Csányoszró,LHHK
Drávafok,LHHK
Drávaiványi,LHHK
Drávakeresztúr,LHHK
Drávasztára,LHHK
Felsőszentmárton,LHHK
Gilvánfa,LHHK
Hegyszentmárton,LHHK
Hirics,LHHK
Kákics,LHHK
Kemse,LHHK
Kisasszonyfa,LHHK
Kisszentmárton,LHHK
Kórós,LHHK
Lúzsok,LHHK
Magyarmecske,LHHK
Magyartelek,LHHK
Markóc,LHHK
Marócsa,LHHK
Nagycsány,LHHK
Okorág,LHHK
Ózdfalu,LHHK
Páprád,LHHK
Piskó,LHHK
Sámod,LHHK
Sellye,LHHK
Sósvertike,LHHK
Vajszló,LHHK
Vejti,LHHK
Zaláta,LHHK
Almáskamarás,LHHK
Battonya,LHHK
Dombegyház,LHHK
Dombiratos,LHHK
Kaszaper,LHHK
Kevermes,LHHK
Kisdombegyház,LHHK
Kunágota,LHHK
Magyarbánhegyes,LHHK
Magyardombegyház,LHHK
Medgyesbodzás,LHHK
Medgyesegyháza,LHHK
Mezőhegyes,LHHK
Mezőkovácsháza,LHHK
Nagybánhegyes,LHHK
Nagykamarás,LHHK
Pusztaottlaka,LHHK
Végegyháza,LHHK
Csenger,LHHK
Csengersima,LHHK
Csengerújfalu,LHHK
Komlódtótfalu,LHHK
Pátyod,LHHK
Porcsalma,LHHK
Szamosangyalos,LHHK
Szamosbecs,LHHK
Szamostatárfalva,LHHK
Tyukod,LHHK
Ura,LHHK
Biharugra,LHHK
Geszt,LHHK
Körösnagyharsány,LHHK
Kötegyán,LHHK
Méhkerék,LHHK
Mezőgyán,LHHK
Okány,LHHK
Sarkad,LHHK
Sarkadkeresztúr,LHHK
Újszalonta,LHHK
Zsadány,LHHK
Ároktő,LHHK
Gelej,LHHK
Igrici,LHHK
Mezőcsát,LHHK
Tiszabábolna,LHHK
Tiszadorogma,LHHK
Tiszakeszi,LHHK
Tiszatarján,LHHK
Tiszavalk,LHHK
Abaújalpár,LHHK
Abaújkér,LHHK
Alsógagy,LHHK
Baktakék,LHHK
Beret,LHHK
Büttös,LHHK
Csenyéte,LHHK
Csobád,LHHK
Detek,LHHK
Encs,LHHK
Fáj,LHHK
Fancsal,LHHK
Felsőgagy,LHHK
Forró,LHHK
Fulókércs,LHHK
Gagyapáti,LHHK
Garadna,LHHK
Hernádbűd,LHHK
Hernádpetri,LHHK
Hernádszentandrás,LHHK
Hernádvécse,LHHK
Ináncs,LHHK
Kány,LHHK
Keresztéte,LHHK
Krasznokvajda,LHHK
Litka,LHHK
Méra,LHHK
Novajidrány,LHHK
Pamlény,LHHK
Pere,LHHK
Perecse,LHHK
Pusztaradvány,LHHK
Szalaszend,LHHK
Szászfa,LHHK
Szemere,LHHK
Botpalád,LHHK
Cégénydányád,LHHK
Csaholc,LHHK
Császló,LHHK
Csegöld,LHHK
Darnó,LHHK
Fehérgyarmat,LHHK
Fülesd,LHHK
Gacsály,LHHK
Garbolc,LHHK
Gyügye,LHHK
Hermánszeg,LHHK
Jánkmajtis,LHHK
Kérsemjén,LHHK
Kisar,LHHK
Kishódos,LHHK
Kisnamény,LHHK
Kispalád,LHHK
Kisszekeres,LHHK
Kölcse,LHHK
Kömörő,LHHK
Magosliget,LHHK
Mánd,LHHK
Méhtelek,LHHK
Milota,LHHK
Nábrád,LHHK
Nagyar,LHHK
Nagyhódos,LHHK
Nagyszekeres,LHHK
Nemesborzova,LHHK
Olcsvaapáti,LHHK
Panyola,LHHK
Penyige,LHHK
Rozsály,LHHK
Sonkád,LHHK
Szamossályi,LHHK
Szamosújlak,LHHK
Szatmárcseke,LHHK
Tiszabecs,LHHK
Tiszacsécse,LHHK
Tiszakóród,LHHK
Tisztaberek,LHHK
Tunyogmatolcs,LHHK
Túristvándi,LHHK
Túrricse,LHHK
Uszka,LHHK
Vámosoroszi,LHHK
Zajta,LHHK
Zsarolyán,LHHK
Borota,LHHK
Jánoshalma,LHHK
Kéleshalom,LHHK
Mélykút,LHHK
Bácsalmás,LHHK
Bácsszőlős,LHHK
Csikéria,LHHK
Katymár,LHHK
Kunbaja,LHHK
Madaras,LHHK
Mátételke,LHHK
Tataháza,LHHK
Abaújlak,LHHK
Abaújszolnok,LHHK
Alsóvadász,LHHK
Aszaló,LHHK
Felsődobsza,LHHK
Felsővadász,LHHK
Gadna,LHHK
Gagybátor,LHHK
Gagyvendégi,LHHK
Halmaj,LHHK
Hernádkércs,LHHK
Homrogd,LHHK
Kázsmárk,LHHK
Kiskinizs,LHHK
Kupa,LHHK
Léh,LHHK
Monaj,LHHK
Nagykinizs,LHHK
Nyésta,LHHK
Rásonysápberencs,LHHK
Selyeb,LHHK
Szentistvánbaksa,LHHK
Szikszó,LHHK
Arló,LHHK
Bánréve,LHHK
Borsodbóta,LHHK
Borsodnádasd,LHHK
Borsodszentgyörgy,LHHK
Bükkmogyorósd,LHHK
Csernely,LHHK
Csokvaomány,LHHK
Domaháza,LHHK
Dubicsány,LHHK
Farkaslyuk,LHHK
Gömörszőlős,LHHK
Hangony,LHHK
Hét,LHHK
Járdánháza,LHHK
Kelemér,LHHK
Királd,LHHK
Kissikátor,LHHK
Lénárddaróc,LHHK
Nekézseny,LHHK
Ózd,LHHK
Putnok,LHHK
Sajómercse,LHHK
Sajónémeti,LHHK
Sajópüspöki,LHHK
Sajóvelezd,LHHK
Sáta,LHHK
Serényfalva,LHHK
Uppony,LHHK
Abod,LHHK
Aggtelek,LHHK
Balajt,LHHK
Becskeháza,LHHK
Bódvalenke,LHHK
Bódvarákó,LHHK
Bódvaszilas,LHHK
Boldva,LHHK
Borsodszirák,LHHK
Damak,LHHK
Debréte,LHHK
Edelény,LHHK
Égerszög,LHHK
Galvács,LHHK
Hangács,LHHK
Hegymeg,LHHK
Hidvégardó,LHHK
Irota,LHHK
Jósvafő,LHHK
Komjáti,LHHK
Ládbesenyő,LHHK
Lak,LHHK
Martonyi,LHHK
Meszes,LHHK
Nyomár,LHHK
Perkupa,LHHK
Rakaca,LHHK
Rakacaszend,LHHK
Szakácsi,LHHK
Szalonna,LHHK
Szendrő,LHHK
Szendrőlád,LHHK
Szin,LHHK
Szinpetri,LHHK
Szögliget,LHHK
Szőlősardó,LHHK
Szuhogy,LHHK
Teresztenye,LHHK
Tomor,LHHK
Tornabarakony,LHHK
Tornakápolna,LHHK
Tornanádaska,LHHK
Tornaszentandrás,LHHK
Tornaszentjakab,LHHK
Varbóc,LHHK
Viszló,LHHK
Ziliz,LHHK
Átány,LHHK
Boconád,LHHK
Erdőtelek,LHHK
Erk,LHHK
Heves,LHHK
Hevesvezekény,LHHK
Kisköre,LHHK
Kömlő,LHHK
Pély,LHHK
Tarnabod,LHHK
Tarnaméra,LHHK
Tarnaörs,LHHK
Tarnaszentmiklós,LHHK
Tarnazsadány,LHHK
Tenk,LHHK
Tiszanána,LHHK
Zaránk,LHHK
Ág,LHHK
Alsómocsolád,LHHK
Bakóca,LHHK
Baranyajenő,LHHK
Baranyaszentgyörgy,LHHK
Bikal,LHHK
Felsőegerszeg,LHHK
Gerényes,LHHK
Gödre,LHHK
Kisbeszterce,LHHK
Kishajmás,LHHK
Kisvaszar,LHHK
Mágocs,LHHK
Mekényes,LHHK
Meződ,LHHK
Mindszentgodista,LHHK
Nagyhajmás,LHHK
Oroszló,LHHK
Palé,LHHK
Sásd,LHHK
Szágy,LHHK
Tarrós,LHHK
Tékes,LHHK
Tormás,LHHK
Varga,LHHK
Vásárosdombó,LHHK
Vázsnok,LHHK
Ártánd,LHHK
Bakonszeg,LHHK
Bedő,LHHK
Berekböszörmény,LHHK
Berettyóújfalu,LHHK
Biharkeresztes,LHHK
Bojt,LHHK
Csökmő,LHHK
Darvas,LHHK
Esztár,LHHK
Furta,LHHK
Gáborján,LHHK
Hencida,LHHK
Kismarja,LHHK
Komádi,LHHK
Körösszakál,LHHK
Körösszegapáti,LHHK
Magyarhomorog,LHHK
Mezőpeterd,LHHK
Mezősas,LHHK
Nagykereki,LHHK
Pocsaj,LHHK
Szentpéterszeg,LHHK
Tépe,LHHK
Told,LHHK
Újiráz,LHHK
Váncsod,LHHK
Vekerd,LHHK
Zsáka,LHHK
Bátorliget,LHHK
Encsencs,LHHK
Kisléta,LHHK
Máriapócs,LHHK
Nyírbátor,LHHK
Nyírbéltek,LHHK
Nyírbogát,LHHK
Nyírcsászári,LHHK
Nyírderzs,LHHK
Nyírgelse,LHHK
Nyírgyulaj,LHHK
Nyírlugos,LHHK
Nyírmihálydi,LHHK
Nyírpilis,LHHK
Nyírvasvári,LHHK
Ömböly,LHHK
Penészlek,LHHK
Piricse,LHHK
Pócspetri,LHHK
Terem,LHHK
Alsódobsza,LHHK
Bekecs,LHHK
Golop,LHHK
Legyesbénye,LHHK
Mád,LHHK
Megyaszó,LHHK
Mezőzombor,LHHK
Monok,LHHK
Prügy,LHHK
Rátka,LHHK
Sóstófalva,LHHK
Szerencs,LHHK
Taktaharkány,LHHK
Taktakenéz,LHHK
Taktaszada,LHHK
Tállya,LHHK
Tiszalúc,LHHK
Újcsanálos,LHHK
Bátonyterenye,LHHK
Dorogháza,LHHK
Kisbárkány,LHHK
Lucfalva,LHHK
Márkháza,LHHK
Mátramindszent,LHHK
Mátranovák,LHHK
Mátraterenye,LHHK
Mátraverebély,LHHK
Nagybárkány,LHHK
Nagykeresztúr,LHHK
Nemti,LHHK
Sámsonháza,LHHK
Szuha,LHHK
Aranyosapáti,LHHK
Barabás,LHHK
Beregdaróc,LHHK
Beregsurány,LHHK
Csaroda,LHHK
Gelénes,LHHK
Gemzse,LHHK
Gulács,LHHK
Gyüre,LHHK
Hetefejércse,LHHK
Ilk,LHHK
Jánd,LHHK
Kisvarsány,LHHK
Lónya,LHHK
Márokpapi,LHHK
Mátyus,LHHK
Nagyvarsány,LHHK
Olcsva,LHHK
Tákos,LHHK
Tarpa,LHHK
Tiszaadony,LHHK
Tiszakerecseny,LHHK
Tiszaszalka,LHHK
Tiszavid,LHHK
Tivadar,LHHK
Vámosatya,LHHK
Vásárosnamény,LHHK
Berzence,LHHK
Csurgó,LHHK
Csurgónagymarton,LHHK
Gyékényes,LHHK
Iharos,LHHK
Iharosberény,LHHK
Inke,LHHK
Őrtilos,LHHK
Pogányszentpéter,LHHK
Porrog,LHHK
Porrogszentkirály,LHHK
Porrogszentpál,LHHK
Somogybükkösd,LHHK
Somogycsicsó,LHHK
Somogyudvarhely,LHHK
Szenta,LHHK
Zákány,LHHK
Zákányfalu,LHHK
Almamellék,LHHK
Almáskeresztúr,LHHK
Bánfa,LHHK
Basal,LHHK
Bogykateperd,LHHK
Boldogasszonyfa,LHHK
Bürüs,LHHK
Csebény,LHHK
Csertő,LHHK
Dencsháza,LHHK
Endrőd,LHHK
Gyöngyösmellék,LHHK
Hobol,LHHK
Horváthertelend,LHHK
Ibafa,LHHK
Katádfa,LHHK
Kétújfalu,LHHK
Kisdobsza,LHHK
Kistamási,LHHK
Magyarlukafa,LHHK
Merenye,LHHK
Molvány,LHHK
Mozsgó,LHHK
Nagydobsza,LHHK
Nagypeterd,LHHK
Nagyváty,LHHK
Nemeske,LHHK
Nyugotszenterzsébet,LHHK
Patapoklosi,LHHK
Pettend,LHHK
Rózsafa,LHHK
Somogyapáti,LHHK
Somogyhárságy,LHHK
Somogyhatvan,LHHK
Somogyviszló,LHHK
Szentdénes,LHHK
Szentegát,LHHK
Szentlászló,LHHK
Szigetvár,LHHK
Szörény,LHHK
Szulimán,LHHK
Teklafalu,LHHK
Tótszentgyörgy,LHHK
Várad,LHHK
Vásárosbéc,LHHK
Zádor,LHHK
Bárdudvarnok,LHHK
Csököly,LHHK
Gige,LHHK
Hedrehely,LHHK
Hencse,LHHK
Jákó,LHHK
Kadarkút,LHHK
Kaposfő,LHHK
Kaposmérő,LHHK
Kaposújlak,LHHK
Kaposszerdahely,LHHK
Kisasszond,LHHK
Kiskorpád,LHHK
Kőkút,LHHK
Mike,LHHK
Nagybajom,LHHK
Pálmajor,LHHK
Patca,LHHK
Rinyakovácsi,LHHK
Szenna,LHHK
Szilvásszentmárton,LHHK
Visnye,LHHK
Zselickislak,LHHK
Apagy,LHHK
Baktalórántháza,LHHK
Berkesz,LHHK
Besenyőd,LHHK
Laskod,LHHK
Levelek,LHHK
Magy,LHHK
Nyíribrony,LHHK
Nyírjákó,LHHK
Nyírkarász,LHHK
Nyírkércs,LHHK
Nyírmada,LHHK
Nyírtass,LHHK
Nyírtét,LHHK
Ófehértó,LHHK
Petneháza,LHHK
Pusztadobos,LHHK
Ramocsaháza,LHHK
Rohod,LHHK
Fábiánháza,LHHK
Fülpösdaróc,LHHK
Géberjén,LHHK
Győrtelek,LHHK
Hodász,LHHK
Jármi,LHHK
Kántorjánosi,LHHK
Kocsord,LHHK
Mátészalka,LHHK
Mérk,LHHK
Nagydobos,LHHK
Nagyecsed,LHHK
Nyírcsaholy,LHHK
Nyírkáta,LHHK
Nyírmeggyes,LHHK
Nyírparasznya,LHHK
Ópályi,LHHK
Ököritófülpös,LHHK
Őr,LHHK
Papos,LHHK
Rápolt,LHHK
Szamoskér,LHHK
Szamosszeg,LHHK
Tiborszállás,LHHK
Vaja,LHHK
Vállaj,LHHK
Bodrogkeresztúr,LHHK
Bodrogkisfalud,LHHK
Csobaj,LHHK
Erdőbénye,LHHK
Szegi,LHHK
Szegilong,LHHK
Taktabáj,LHHK
Tarcal,LHHK
Tiszaladány,LHHK
Tiszatardos,LHHK
Tokaj,LHHK
Babócsa,LHHK
Barcs,LHHK
Bélavár,LHHK
Bolhó,LHHK
Csokonyavisonta,LHHK
Danány,LHHK
Drávagárdony,LHHK
Drávatamási,LHHK
Heresznye,LHHK
Homokszentgyörgy,LHHK
Istvándi,LHHK
Kálmáncsa,LHHK
Kastélyosdombó,LHHK
Komlósd,LHHK
Lad,LHHK
Lakócsa,LHHK
Patosfa,LHHK
Péterhida,LHHK
Potony,LHHK
Rinyaújlak,LHHK
Rinyaújnép,LHHK
Somogyaracs,LHHK
Szentborbás,LHHK
Szulok,LHHK
Tótújfalu,LHHK
Vízvár,LHHK
Bodrogolaszi,LHHK
Erdőhorváti,LHHK
Györgytarló,LHHK
Háromhuta,LHHK
Hercegkút,LHHK
Kenézlő,LHHK
Komlóska,LHHK
Makkoshotyka,LHHK
Olaszliszka,LHHK
Sárazsadány,LHHK
Sárospatak,LHHK
Tolcsva,LHHK
Vajdácska,LHHK
Vámosújfalu,LHHK
Viss,LHHK
Zalkod,LHHK
Belecska,LHHK
Diósberény,LHHK
Dúzs,LHHK
Értény,LHHK
Felsőnyék,LHHK
Fürged,LHHK
Gyönk,LHHK
Hőgyész,LHHK
Iregszemcse,LHHK
Kalaznó,LHHK
Keszőhidegkút,LHHK
Kisszékely,LHHK
Koppányszántó,LHHK
Magyarkeszi,LHHK
Miszla,LHHK
Mucsi,LHHK
Nagykónyi,LHHK
Nagyszékely,LHHK
Nagyszokoly,LHHK
Ozora,LHHK
Pári,LHHK
Pincehely,LHHK
Regöly,LHHK
Simontornya,LHHK
Szakadát,LHHK
Szakály,LHHK
Szárazd,LHHK
Tamási,LHHK
Tolnanémedi,LHHK
Udvari,LHHK
Újireg,LHHK
Varsád,LHHK
Abádszalók,LHHK
Kunhegyes,LHHK
Nagyiván,LHHK
Tiszabura,LHHK
Tiszaderzs,LHHK
Tiszafüred,LHHK
Tiszagyenda,LHHK
Tiszaigar,LHHK
Tiszaörs,LHHK
Tiszaroff,LHHK
Tiszaszentimre,LHHK
Tiszaszőlős,LHHK
Tomajmonostora,LHHK
Baks,LHHK
Balástya,LHHK
Csengele,LHHK
Kistelek,LHHK
Ópusztaszer,LHHK
Pusztaszer,LHHK
Buzsák,LHHK
Gyugy,LHHK
Hács,LHHK
Kisberény,LHHK
Lengyeltóti,LHHK
Öreglak,LHHK
Pamuk,LHHK
Somogyvámos,LHHK
Somogyvár,LHHK
Szőlősgyörök,LHHK
Báránd,LHH
Bihardancsháza,LHH
Biharnagybajom,LHH
Bihartorda,LHH
Földes,LHH
Kaba,LHH
Nádudvar,LHH
Nagyrábé,LHH
Püspökladány,LHH
Sáp,LHH
Sárrétudvari,LHH
Szerep,LHH
Tetétlen,LHH
Endrefalva,LHH
Hollókő,LHH
Ludányhalászi,LHH
Magyargéc,LHH
Nagylóc,LHH
Nógrádmegyer,LHH
Nógrádsipek,LHH
Nógrádszakál,LHH
Piliny,LHH
Rimóc,LHH
Szécsény,LHH
Szécsényfelfalu,LHH
Varsány,LHH
Bodony,LHH
Bükkszék,LHH
Bükkszenterzsébet,LHH
Erdőkövesd,LHH
Fedémes,LHH
Istenmezeje,LHH
Ivád,LHH
Kisfüzes,LHH
Mátraballa,LHH
Mátraderecske,LHH
Parád,LHH
Parádvasvár,LHH
Pétervására,LHH
Recsk,LHH
Sirok,LHH
Szajla,LHH
Szentdomonkos,LHH
Tarnalelesz,LHH
Terpes,LHH
Váraszó,LHH
Bárna,LHH
Cered,LHH
Egyházasgerge,LHH
Etes,LHH
Ipolytarnóc,LHH
Karancsalja,LHH
Karancsberény,LHH
Karancskeszi,LHH
Karancslapujtő,LHH
Karancsság,LHH
Kazár,LHH
Kishartyán,LHH
Litke,LHH
Mátraszele,LHH
Mihálygerge,LHH
Rákóczibánya,LHH
Ságújfalu,LHH
Salgótarján,LHH
Somoskőújfalu,LHH
Sóshartyán,LHH
Szalmatercs,LHH
Szilaspogony,LHH
Vizslás,LHH
Zabar,LHH
Balmazújváros,LHH
Egyek,LHH
Hortobágy,LHH
Tiszacsege,LHH
Bucsa,LHH
Dévaványa,LHH
Ecsegfalva,LHH
Füzesgyarmat,LHH
Kertészsziget,LHH
Körösladány,LHH
Körösújfalu,LHH
Szeghalom,LHH
Vésztő,LHH
Bocskaikert,LHH
Fülöp,LHH
Hajdúhadház,LHH
Hajdúsámson,LHH
Nyírábrány,LHH
Nyíracsád,LHH
Nyíradony,LHH
Nyírmártonfalva,LHH
Téglás,LHH
Újléta,LHH
Vámospércs,LHH
Ásotthalom,LHH
Bordány,LHH
Forráskút,LHH
Mórahalom,LHH
Öttömös,LHH
Pusztamérges,LHH
Ruzsa,LHH
Üllés,LHH
Zákányszék,LHH
Álmosd,LHH
Bagamér,LHH
Derecske,LHH
Hajdúbagos,LHH
Hosszúpályi,LHH
Kokad,LHH
Konyár,LHH
Létavértes,LHH
Monostorpályi,LHH
Sáránd,LHH
Rakamaz,LHH
Szabolcs,LHH
Szorgalmatos,LHH
Timár,LHH
Tiszadada,LHH
Tiszadob,LHH
Tiszaeszlár,LHH
Tiszalök,LHH
Tiszanagyfalu,LHH
Tiszavasvári,LHH
Cibakháza,LHH
Csépa,LHH
Cserkeszőlő,LHH
Kunszentmárton,LHH
Nagyrév,LHH
Öcsöd,LHH
Szelevény,LHH
Tiszaföldvár,LHH
Tiszainoka,LHH
Tiszakürt,LHH
Tiszasas,LHH
Balsa,LHH
Beszterec,LHH
Buj,LHH
Demecser,LHH
Gávavencsellő,LHH
Gégény,LHH
Ibrány,LHH
Kék,LHH
Kemecse,LHH
Nagyhalász,LHH
Nyírbogdány,LHH
Paszab,LHH
Székely,LHH
Tiszabercel,LHH
Tiszarád,LHH
Tiszatelek,LHH
Vasmegyer,LHH
Andocs,LHH
Bábonymegyer,LHH
Bedegkér,LHH
Bonnya,LHH
Fiad,LHH
Kánya,LHH
Kapoly,LHH
Kára,LHH
Karád,LHH
Kisbárapáti,LHH
Lulla,LHH
Miklósi,LHH
Nágocs,LHH
Sérsekszőlős,LHH
Somogyacsa,LHH
Somogydöröcske,LHH
Somogyegres,LHH
Somogymeggyes,LHH
Szorosad,LHH
Tab,LHH
Tengőd,LHH
Torvaj,LHH
Törökkoppány,LHH
Zala,LHH
Zics,LHH
Békés,LHH
Bélmegyer,LHH
Csárdaszállás,LHH
Doboz,LHH
Kamut,LHH
Köröstarcsa,LHH
Mezőberény,LHH
Murony,LHH
Tarhos,LHH
Bakháza,HH
Beleg,HH
Bolhás,HH
Görgeteg,HH
Háromfa,HH
Kaszó,HH
Kisbajom,HH
Kutas,HH
Lábod,HH
Nagyatád,HH
Nagykorpád,HH
Ötvöskónyi,HH
Rinyabesenyő,HH
Rinyaszentkirály,HH
Segesd,HH
Somogyszob,HH
Szabás,HH
Tarany,HH
Alap,HH
Alsószentiván,HH
Cece,HH
Hantos,HH
Igar,HH
Mezőszilas,HH
Nagylók,HH
Sárbogárd,HH
Sáregres,HH
Vajta,HH
Balaton,HH
Bátor,HH
Bekölce,HH
Bélapátfalva,HH
Bükkszentmárton,HH
Egerbocs,HH
Egercsehi,HH
Hevesaranyos,HH
Mikófalva,HH
Mónosbél,HH
Nagyvisnyó,HH
Szilvásvárad,HH
Szúcs,HH
Ambrózfalva,HH
Apátfalva,HH
Csanádalberti,HH
Csanádpalota,HH
Ferencszállás,HH
Földeák,HH
Királyhegyes,HH
Kiszombor,HH
Klárafalva,HH
Kövegy,HH
Magyarcsanád,HH
Makó,HH
Maroslele,HH
Nagyér,HH
Nagylak,HH
Óföldeák,HH
Pitvaros,HH
Benk,HH
Eperjeske,HH
Győröcske,HH
Komoró,HH
Mándok,HH
Tiszabezdéd,HH
Tiszamogyorós,HH
Tiszaszentmárton,HH
Tuzsér,HH
Záhony,HH
Zsurk,HH
Bicsérd,HH
Boda,HH
Bükkösd,HH
Cserdi,HH
Csonkamindszent,HH
Dinnyeberki,HH
Gerde,HH
Gyöngyfa,HH
Helesfa,HH
Hetvehely,HH
Kacsóta,HH
Királyegyháza,HH
Okorvölgy,HH
Pécsbagota,HH
Sumony,HH
Szabadszentkirály,HH
Szentkatalin,HH
Szentlőrinc,HH
Velény,HH
Zók,HH
Kétpó,HH
Mesterszállás,HH
Mezőkék,HH
Mezőtúr,HH
Túrkeve,HH
Berekfürdő,HH
Karcag,HH
Kenderes,HH
Kisújszállás,HH
Kunmadaras,HH
Apostag,HH
Dunaegyháza,HH
Dunavecse,HH
Kunadacs,HH
Kunpeszér,HH
Kunszentmiklós,HH
Szabadszállás,HH
Szalkszentmárton,HH
Tass,HH
Újsolt,HH
Alsószentmárton,HH
Babarcszőlős,HH
Beremend,HH
Bisse,HH
Cún,HH
Csarnóta,HH
Diósviszló,HH
Drávacsehi,HH
Drávacsepely,HH
Drávapalkonya,HH
Drávapiski,HH
Drávaszabolcs,HH
Drávaszerdahely,HH
Egyházasharaszti,HH
Gardisa,HH
Garé,HH
Harkány,HH
Illocska,HH
Ipacsfa,HH
Ivánbattyán,HH
Kásád,HH
Kémes,HH
Kisdér,HH
Kisharsány,HH
Kisjakabfalva,HH
Kiskassa,HH
Kislippó,HH
Kistapolca,HH
Kistótfalu,HH
Kovácshida,HH
Lapáncsa,HH
Magyarbóly,HH
Márfa,HH
Márok,HH
Matty,HH
Nagyharsány,HH
Nagytótfalu,HH
Old,HH
Palkonya,HH
Pécsdevecser,HH
Peterd ,HH
Rádfalva,HH
Siklós,HH
Siklósbodony,HH
Siklósnagyfalu,HH
Szaporca,HH
Szava,HH
Tésenyfa,HH
Túrony,HH
Újpetre,HH
Villány,HH
Villánykövesd,HH
Vokány,HH
Aldebrő,HH
Besenyőtelek,HH
Dormánd,HH
Egerfarmos,HH
Feldebrő,HH
Füzesabony,HH
Kál,HH
Kápolna,HH
Kompolt,HH
Mezőszemere,HH
Mezőtárkány,HH
Nagyút,HH
Poroszló,HH
Sarud,HH
Szihalom,HH
Tófalu,HH
Újlőrincfalva,HH
Alsóújlak,HH
Andrásfa,HH
Bélbaltavár,HH
Csehi,HH
Csehimindszent,HH
Csipkerek,HH
Egervölgy,HH
Gersekarát,HH
Győrvár,HH
Hegyhátszentpéter,HH
Kám,HH
Mikosszéplak,HH
Nagytilaj,HH
Olaszfa,HH
Oszkó,HH
Pácsony,HH
Petőmihályfa,HH
Püspökmolnári,HH
Rábahídvég,HH
Sárfimizdó,HH
Szemenye,HH
Telekes,HH
Vasvár,HH
Csanytelek,HH
Csongrád,HH
Felgyő,HH
Tömörkény,HH
Bánokszentgyörgy,HH
Bázakerettye,HH
Becsehely,HH
Borsfa,HH
Bucsuta,HH
Csörnyeföld,HH
Kerkaszentkirály,HH
Kiscsehi,HH
Kistolmács,HH
Lasztonya,HH
Letenye,HH
Lispeszentadorján,HH
Maróc,HH
Molnári,HH
Murarátka,HH
Muraszemenye,HH
Oltárc,HH
Petrivente,HH
Pusztamagyaród,HH
Semjénháza,HH
Szentliszló,HH
Szentmargitfava,HH
Tótszentmárton,HH
Tótszerdahely,HH
Valkonya,HH
Várfölde,HH
Zajk,HH
Csólyospálos,HH
Jászszentlászló,HH
Kiskunmajsa,HH
Kömpöc,HH
Móricgát,HH
Szank,HH
Balkány,HH
Biri,HH
Bököny,HH
Érpatak,HH
Geszteréd,HH
Kállósemjén,HH
Nagykálló,HH
Szakoly,HH
Újfehértó,HH
Folyás,HH
Görbeháza,HH
Polgár,HH
Tiszagyulaháza,HH
Újszentmargita,HH
Újtikos,HH
Alsószuha,HH
Alsótelekes,HH
Bánhorváti,HH
Berente,HH
Dédestapolcsány,HH
Dövény,HH
Felsőkelecsény,HH
Felsőnyárád,HH
Felsőtelekes,HH
Imola,HH
Izsófalva,HH
Jákfalva,HH
Kánó,HH
Kazincbarcika,HH
Kurityán,HH
Mályinka,HH
Múcsony,HH
Nagybarca,HH
Ormosbánya,HH
Ragály,HH
Rudabánya,HH
Rudolftelep,HH
Sajógalgóc,HH
Sajóivánka,HH
Sajókaza,HH
Szuhafő,HH
Szuhakálló,HH
Tardona,HH
Trizs ,HH
Vadna,HH
Zádorfalva,HH
Zubogy,HH
Alsórajk,HH
Bezeréd,HH
Búcsúszentlászló,HH
Dióskál,HH
Egeraracsa,HH
Felsőrajk,HH
Misefa,HH
Nagykapornak,HH
Nemesrádó,HH
Nemessándorháza,HH
Nemesszentandrás,HH
Orbányosfa,HH
Pacsa,HH
Padár,HH
Pölöske,HH
Pötréte,HH
Szentpéterúr,HH
Zalaigrice,HH
Zalaszentmárton,HH
Zalaszentmihály,HH
Dég,HH
Enying,HH
Kisláng,HH
Lajoskomárom,HH
Lepsény,HH
Mátyásdomb,HH
Mezőkomárom,HH
Mezőszentgyörgy,HH
Szabadhídvég,HH
Alsóregmec,HH
Bózsva,HH
Felsőregmec,HH
Filkeháza,HH
Füzér,HH
Füzérkajata,HH
Füzérkomlós,HH
Füzérradvány,HH
Hollóháza,HH
Kishuta,HH
Kovácsvágás,HH
Mikóháza,HH
Nagyhuta,HH
Nyíri,HH
Pálháza,HH
Pusztafalu,HH
Sátoraljaújhely,HH
Vágáshuta,HH
Vilyvitány,HH
Bajánsenye,HH
Falsómarác,HH
Felsőjánosfa,HH
Hegyhátszentjakab,HH
Hegyhátszentmárton,HH
Ispánk,HH
Ivánc,HH
Kercaszomor,HH
Kerkáskápolna,HH
Kisrákos,HH
Kondorfa,HH
Magyarszombatfa,HH
Nagyrákos,HH
Őrimagyarósd,HH
Őriszentpéter,HH
Pankasz,HH
Szaknyér,HH
Szalafő,HH
Szatta,HH
Szőce,HH
Velemér,HH
Viszák,HH
Ajak,HH
Anarcs,HH
Dombrád,HH
Döge,HH
Fényeslitke,HH
Gyulaháza,HH
Jéke,HH
Kékcse,HH
Kisvárda,HH
Lövőpetri,HH
Mezőladány,HH
Nyírlövő,HH
Pap,HH
Pátroha,HH
Rétközberencs,HH
Sazbolcsbáka,HH
Szabolcsveresmart,HH
Tiszakanyár,HH
Tornyospálca,HH
Újdombrád,HH
Újkenéz,HH
Balatonmagyaród,HH
Galambok,HH
Garabonc,HH
Gelse,HH
Kerecseny,HH
Kilimán,HH
Kisrécse,HH
Miháld,HH
Nagyrada,HH
Orosztony,HH
Pat,HH
Sand,HH
Zalakaros,HH
Zalakomár,HH
Zalamenyere,HH
Zalasárszeg,HH
Zalaszabar,HH
Zalaszentjakab,HH
Zalaújlak,HH
Bátya,HH
Drágszél,HH
Dunapataj,HH
Dunaszentbenedek,HH
Dunatetétlen,HH
Dusnok,HH
Fajsz,HH
Foktő,HH
Géderlak,HH
Hajós,HH
Harta,HH
Homokmégy,HH
Kalocsa,HH
Miske,HH
Ordas,HH
Öregcsertő,HH
Solt,HH
Szakmár,HH
Újtelek,HH
Uszód,HH
Babarc ,HH
Bár,HH
Belvárdgyula,HH
Bezedek,HH
Bóly,HH
Borjád,HH
Dunaszekcső,HH
Erdősmárok,HH
Feked,HH
Geresdlak,HH
Görcsönydoboka,HH
Hásságy,HH
Himesháza,HH
Homorúd,HH
Ivándárda,HH
Kisbudmér,HH
Kisnyárád,HH
Kölked,HH
Lánycsók,HH
Lippó,HH
Liptód,HH
Majs,HH
Maráza,HH
Máriakéménd,HH
Mohács,HH
Monyoród,HH
Nagybudmér,HH
Nagynyárád,HH
Olasz ,HH
Palotabozsok,HH
Pócsa,HH
Sárok,HH
Sátorhely,HH
Somberek,HH
Szajk,HH
Szebény,HH
Szederkény,HH
Székelyszabar,HH
Szűr,HH
Töttös,HH
Udvar ,HH
Véménd,HH
Versend,HH
Fegyvernek,HH
Kengyel,HH
Kuncsorba,HH
Örményes,HH
Tiszabő,HH
Tiszapüspöki,HH
Tiszatenyő,HH
Törökszentmiklós,HH
Békéssámson,HH
Csanádapáca,HH
Csorvás,HH
Gádoros,HH
Gerendás,HH
Kardoskút,HH
Nagyszénás,HH
Orosháza,HH
Pusztaföldvár,HH
Tótkomlós,HH
Bodolyabér,HH
Egyházaskozár,HH
Hegyhátmaróc,HH
Hosszúhetény,HH
Kárász,HH
Komló,HH
Köblény,HH
Liget,HH
Magyaregregy,HH
Magyarhertelend,HH
Magyarszék,HH
Mánfa,HH
Máza,HH
Mecsekpölöske,HH
Szalatnak,HH
Szárász,HH
Szászvár,HH
Tófű,HH
Vékény,HH
Alsótold,HH
Bér,HH
Bokor,HH
Buják,HH
Csécse,HH
Cserhátszentiván,HH
Ecseg,HH
Egyházasdengeleg,HH
Erdőkürt,HH
Erdőtarcsa,HH
Felsőtold,HH
Garáb,HH
Héhalom,HH
Jobbágyi,HH
Kálló,HH
Kisbágyon,HH
Kozárd,HH
Kutasó,HH
Mátraszőlős,HH
Palotás,HH
Pásztó,HH
Szarvasgede,HH
Szirák,HH
Szurdokpüspöki,HH
Tar,HH
Vanyarc,HH
Attala,HH
Csibrák,HH
Csikóstőttős,HH
Dalmand,HH
Dombóvár,HH
Döbrököz,HH
Gyulaj,HH
Jágónak ,HH
Kapospula,HH
Kaposszekcső,HH
Kocsola,HH
Kurd,HH
Lápafő,HH
Nak,HH
Szakcs,HH
Várong,HH
Akasztó,HH
Bócsa,HH
Császártöltés,HH
Csengőd,HH
Fülöpszállás,HH
Imrehegy,HH
Izsák,HH
Kaskantyú,HH
Kecel,HH
Kiskőrös,HH
Páhi,HH
Soltszentimre,HH
Soltvadkert,HH
Tabdi,HH
Tázlár,HH
Békésszentandrás,HH
Csabacsűd,HH
Gyomaendrőd,HH
Hunya,HH
Kardos,HH
Kondoros,HH
Örbénykút,HH
Szarvas,HH
Hódmezővásárhely,HH
Mártély,HH
Mindszent,HH
Székkutas,HH
Bazsi,HH
Bodorfa,HH
Csabrendek,HH
Dabronc,HH
Gógánfa,HH
Gyepükaján,HH
Hetyefő,HH
Hosztót,HH
Káptalanfa,HH
Megyer,HH
Nemeshany,HH
Rigács,HH
Sümeg,HH
Sümegprága,HH
Szentimrefalva,HH
Ukk,HH
Veszprémgalsa,HH
Zalaerdőd,HH
Zalagyömörő,HH
Zalameggyes,HH
Balatonberény,HH
Balatonkeresztúr,HH
Balatonmáriafürdő,HH
Balatonszentgyörgy,HH
Balatonújlak,HH
Böhönye,HH
Csákány,HH
Csömend,HH
Főnyed,HH
Gadány,HH
Hollád,HH
Hosszúvíz,HH
Kelevíz,HH
Kéthely,HH
Libickozma,HH
Marcali,HH
Mesztegnyő,HH
Nagyszakácsi,HH
Nemesdéd,HH
Nemeskisfalud,HH
Nemesvid,HH
Nikla,HH
Pusztakovácsi,HH
Sávoly,HH
Somogyfajsz,HH
Somogysámson,HH
Somogysimonyi,HH
Somogyszentpál,HH
Somogyzsitfa,HH
Szegerdő,HH
Szenyér,HH
Szőkedencs,HH
Tapsony,HH
Táska,HH
Tikos,HH
Varászló,HH
Vése,HH
Vörs,HH
Árpádhalom,HH
Derekegyház,HH
Eperjes,HH
Fábiánsebestyén,HH
Nagymágocs,HH
Nagytőke,HH
Szegvár,HH
Szentes,HH
Aba,HH
Csősz,HH
Káloz,HH
Sárkeresztúr,HH
Sárosd,HH
Sárszentágota,HH
Seregélyes,HH
Soponya ,HH
Tác,HH
Bogács,HH
Borsodgeszt,HH
Borsodivánka,HH
Bükkábrány,HH
Bükkzsérc,HH
Cserépfalu,HH
Cserépváralja,HH
Csincse,HH
Egerlövő,HH
Kács,HH
Mezőkeresztes,HH
Mezőkövesd,HH
Mezőnagymihály,HH
Mezőnyárád,HH
Négyes,HH
Sály,HH
Szentistván,HH
Szomolya,HH
Tard,HH
Tibolddaróc,HH
Vatta,HH
Apátvarasd,HH
Berkesd,HH
Erdősmecske,HH
Erzsébet,HH
Fazekasboda,HH
Hidas ,HH
Kátoly,HH
Kékesd,HH
Lovászhetény,HH
Martonfa,HH
Mecseknádasd,HH
Nagypall,HH
Óbánya,HH
Ófalu,HH
Pécsvárad,HH
Pereked,HH
Szellő,HH
Szilágy,HH
Zengővárkony,HH
Almásháza,HH
Batyk,HH
Döbröce,HH
Dötk,HH
Kallósd,HH
Kehidakustány,HH
Kisgörbő,HH
Kisvásárhely,HH
Ligetfalva,HH
Mihályfa,HH
Nagygörbő,HH
Óhíd,HH
Pakod ,HH
Sénye,HH
Sümegcsehi,HH
Szalapa,HH
Tekenye,HH
Tilaj,HH
Türje,HH
Vindornyaszőlős,HH
Zalabér,HH
Zalacsány,HH
Zalaszentgrót,HH
Zalaszentlászló,HH
Zalavég,HH
Berncenbaráti,HH
Ipolydamásd,HH
Ipolytölgyes,HH
Kemence,HH
Kóspallag,HH
Letkés,HH
Márianosztra,HH
Nagybörzsöny,HH
Perőcsény,HH
Szob,HH
Tésa,HH
Vámosmikola,HH
Zebegény,HH
Hajdúböszörmény,HH
Hajdúdorog,HH
Hajdúnánás,HH
Alattyán,HH
Jánoshida,HH
Jászágó,HH
Jászalsószentgyörgy,HH
Jászapáti,HH
Jászárokszállás,HH
Jászberény,HH
Jászboldogháza,HH
Jászdózsa,HH
Jászfelsőszentgyörgy,HH
Jászfényszaru,HH
Jászivány,HH
Jászjákóhalma,HH
Jászkisér,HH
Jászladány,HH
Jászszentandrás,HH
Jásztelek,HH
Pusztamonostor,HH
Alsóbogát,HH
Baté,HH
Bodrog,HH
Bőszénfa,HH
Büssü,HH
Cserénfa ,HH
Csoma,HH
Csombárd,HH
Ecseny ,HH
Edde,HH
Felsőmocsolád,HH
Fonó,HH
Gadács,HH
Gálosfa,HH
Gölle,HH
Hajmás,HH
Hetes,HH
Igal,HH
Juta,HH
Kaposgyarmat,HH
Kaposhomok,HH
Kaposkeresztúr,HH
Kaposvár,HH
Kazsok,HH
Kercseliget,HH
Kisgyalán,HH
Magyaratád,HH
Magyaregresd,HH
Mernye,HH
Mezőcsokonya,HH
Mosdós,HH
Nagyberki,HH
Orci,HH
Osztopán,HH
Patalom,HH
Polány,HH
Ráksi,HH
Sántos,HH
Simonfa,HH
Somodor,HH
Somogyaszaló,HH
Somogygeszti,HH
Somogyjád,HH
Somogysárd,HH
Somogyszil,HH
Szabadi,HH
Szentbalázs,HH
Szentgáloskér,HH
Taszár,HH
Újvárfalva,HH
Várda,HH
Zimány,HH
Zselicszentpál,HH
Balotaszállás,HH
Harkakötöny,HH
Kelebia,HH
Kiskunhalas,HH
Kisszállás,HH
Kunfehértó,HH
Pirtó,HH
Tompa,HH
Zana,HH
Ácsteszér,HH
Aka,HH
Ászár,HH
Bakonybánk,HH
Bakonysárkány,HH
Bakonyszombathely,HH
Bársonyos,HH
Császár,HH
Csatka,HH
Csép,HH
Ete,HH
Kerékteleki,HH
Kisbér,HH
Réde,HH
Súr,HH
Tárkány,HH
Vérteskethely,HH
